Height(cm),Weight(kg),BMI
133.0,56.0,31.658092599920856
133.0,54.0,30.527446435637966
134.0,55.0,30.630429939852974
134.0,57.0,31.744263755847626
133.0,49.0,27.700831024930746
135.0,45.0,24.691358024691358
134.0,66.0,36.75651592782357
133.0,45.0,25.439538696364973
135.0,48.0,26.337448559670783
135.0,51.0,27.983539094650205
